{"features": ["/XFEL.DIAG/BPM/BPME.2253.SA1/X.TD", "/XFEL.DIAG/BPM/BPME.2259.SA1/X.TD", "/XFEL.DIAG/BPM/BPME.2265.SA1/X.TD", "/XFEL.DIAG/BPM/BPME.2271.SA1/X.TD", "/XFEL.DIAG/BPM/BPME.2278.SA1/X.TD", "/XFEL.DIAG/BPM/BPME.2284.SA1/X.TD", "/XFEL.DIAG/BPM/BPME.2290.SA1/X.TD", "/XFEL.DIAG/BPM/BPME.2296.SA1/X.TD", "/XFEL.DIAG/BPM/BPME.2302.SA1/X.TD", "/XFEL.DIAG/BPM/BPME.2314.SA1/X.TD", "/XFEL.DIAG/BPM/BPME.2320.SA1/X.TD", "/XFEL.DIAG/BPM/BPME.2326.SA1/X.TD", "/XFEL.DIAG/BPM/BPME.2332.SA1/X.TD", "/XFEL.DIAG/BPM/BPME.2253.SA1/Y.TD", "/XFEL.DIAG/BPM/BPME.2259.SA1/Y.TD", "/XFEL.DIAG/BPM/BPME.2265.SA1/Y.TD", "/XFEL.DIAG/BPM/BPME.2271.SA1/Y.TD", "/XFEL.DIAG/BPM/BPME.2278.SA1/Y.TD", "/XFEL.DIAG/BPM/BPME.2284.SA1/Y.TD", "/XFEL.DIAG/BPM/BPME.2290.SA1/Y.TD", "/XFEL.DIAG/BPM/BPME.2296.SA1/Y.TD", "/XFEL.DIAG/BPM/BPME.2302.SA1/Y.TD", "/XFEL.DIAG/BPM/BPME.2314.SA1/Y.TD", "/XFEL.DIAG/BPM/BPME.2320.SA1/Y.TD", "/XFEL.DIAG/BPM/BPME.2326.SA1/Y.TD", "/XFEL.DIAG/BPM/BPME.2332.SA1/Y.TD", "/XFEL.FEL/XGM/XGM.2643.T9/INTENSITY.TD"], "targets": ["com_fel_x", "com_fel_y"], "learning_rate": 0.3, "epochs": 800, "hidden_layers": 2, "hidden_nodes": 64, "momentum": 0.6, "no_inputs": 27, "batch_size": 1024, "norm_min": [-0.0476759672164917, -0.04890055954456329, -0.036370664834976196, -0.03746647387742996, -0.026906132698059082, -0.02936190366744995, -0.006523996591567993, -0.0011829584836959839, 0.002727687358856201, 0.014894187450408936, 0.024952054023742676, 0.0210847407579422, 0.03214283660054207, -0.046708911657333374, -0.03624673932790756, -0.04232092201709747, -0.02984042465686798, -0.035804588347673416, -0.031479932367801666, -0.035483669489622116, -0.02620207518339157, -0.025122303515672684, -0.0024760887026786804, -0.00019119959324598312, -0.004074913449585438, -0.010230828076601028, 19.17558479309082, 903.5513888669453, 1314.584390091219], "norm_max": [-0.015099823474884033, -0.011700332164764404, -0.0016512572765350342, 0.004306375980377197, 0.008515186607837677, 0.014204651117324829, 0.025941163301467896, 0.03780373930931091, 0.03469788283109665, 0.045838966965675354, 0.06097358465194702, 0.05210971087217331, 0.07370702922344208, -0.02236361801624298, -0.014024995267391205, -0.012351598590612411, -0.004474043846130371, -0.005623597651720047, -0.0055648647248744965, -0.007081519812345505, -0.004522478207945824, -0.0033983830362558365, 0.011560406535863876, 0.008273620158433914, 0.004343539476394653, -0.00044540688395500183, 220.56283569335938, 951.7222671203389, 1325.2120927817361], "inputs_outputs": ["/XFEL.DIAG/BPM/BPME.2253.SA1/X.TD", "/XFEL.DIAG/BPM/BPME.2259.SA1/X.TD", "/XFEL.DIAG/BPM/BPME.2265.SA1/X.TD", "/XFEL.DIAG/BPM/BPME.2271.SA1/X.TD", "/XFEL.DIAG/BPM/BPME.2278.SA1/X.TD", "/XFEL.DIAG/BPM/BPME.2284.SA1/X.TD", "/XFEL.DIAG/BPM/BPME.2290.SA1/X.TD", "/XFEL.DIAG/BPM/BPME.2296.SA1/X.TD", "/XFEL.DIAG/BPM/BPME.2302.SA1/X.TD", "/XFEL.DIAG/BPM/BPME.2314.SA1/X.TD", "/XFEL.DIAG/BPM/BPME.2320.SA1/X.TD", "/XFEL.DIAG/BPM/BPME.2326.SA1/X.TD", "/XFEL.DIAG/BPM/BPME.2332.SA1/X.TD", "/XFEL.DIAG/BPM/BPME.2253.SA1/Y.TD", "/XFEL.DIAG/BPM/BPME.2259.SA1/Y.TD", "/XFEL.DIAG/BPM/BPME.2265.SA1/Y.TD", "/XFEL.DIAG/BPM/BPME.2271.SA1/Y.TD", "/XFEL.DIAG/BPM/BPME.2278.SA1/Y.TD", "/XFEL.DIAG/BPM/BPME.2284.SA1/Y.TD", "/XFEL.DIAG/BPM/BPME.2290.SA1/Y.TD", "/XFEL.DIAG/BPM/BPME.2296.SA1/Y.TD", "/XFEL.DIAG/BPM/BPME.2302.SA1/Y.TD", "/XFEL.DIAG/BPM/BPME.2314.SA1/Y.TD", "/XFEL.DIAG/BPM/BPME.2320.SA1/Y.TD", "/XFEL.DIAG/BPM/BPME.2326.SA1/Y.TD", "/XFEL.DIAG/BPM/BPME.2332.SA1/Y.TD", "/XFEL.FEL/XGM/XGM.2643.T9/INTENSITY.TD", "com_fel_x", "com_fel_y"]}