{"features": ["/XFEL.DIAG/BPM/BPME.2253.SA1/X.TD", "/XFEL.DIAG/BPM/BPME.2259.SA1/X.TD", "/XFEL.DIAG/BPM/BPME.2265.SA1/X.TD", "/XFEL.DIAG/BPM/BPME.2271.SA1/X.TD", "/XFEL.DIAG/BPM/BPME.2278.SA1/X.TD", "/XFEL.DIAG/BPM/BPME.2284.SA1/X.TD", "/XFEL.DIAG/BPM/BPME.2290.SA1/X.TD", "/XFEL.DIAG/BPM/BPME.2296.SA1/X.TD", "/XFEL.DIAG/BPM/BPME.2302.SA1/X.TD", "/XFEL.DIAG/BPM/BPME.2314.SA1/X.TD", "/XFEL.DIAG/BPM/BPME.2320.SA1/X.TD", "/XFEL.DIAG/BPM/BPME.2326.SA1/X.TD", "/XFEL.DIAG/BPM/BPME.2332.SA1/X.TD", "/XFEL.DIAG/BPM/BPME.2253.SA1/Y.TD", "/XFEL.DIAG/BPM/BPME.2259.SA1/Y.TD", "/XFEL.DIAG/BPM/BPME.2265.SA1/Y.TD", "/XFEL.DIAG/BPM/BPME.2271.SA1/Y.TD", "/XFEL.DIAG/BPM/BPME.2278.SA1/Y.TD", "/XFEL.DIAG/BPM/BPME.2284.SA1/Y.TD", "/XFEL.DIAG/BPM/BPME.2290.SA1/Y.TD", "/XFEL.DIAG/BPM/BPME.2296.SA1/Y.TD", "/XFEL.DIAG/BPM/BPME.2302.SA1/Y.TD", "/XFEL.DIAG/BPM/BPME.2314.SA1/Y.TD", "/XFEL.DIAG/BPM/BPME.2320.SA1/Y.TD", "/XFEL.DIAG/BPM/BPME.2326.SA1/Y.TD", "/XFEL.DIAG/BPM/BPME.2332.SA1/Y.TD", "/XFEL.FEL/XGM/XGM.2643.T9/INTENSITY.TD"], "targets": ["com_fel_x", "com_fel_y"], "learning_rate": 0.3, "epochs": 800, "hidden_layers": 3, "hidden_nodes": 32, "momentum": 0.6, "no_inputs": 27, "batch_size": 1024, "norm_min": [-0.0955655574798584, -0.0808100551366806, -0.04773879051208496, -0.04348301887512207, -0.029011961072683334, -0.023905783891677856, -0.004550546407699585, 0.0010502487421035767, 0.0023965835571289062, 0.006162554025650024, 0.010859072208404541, 0.005717545747756958, 0.0047067031264305115, -0.0702170729637146, -0.05127901956439018, -0.05483020842075348, -0.03610104322433472, -0.0418802909553051, -0.03951357305049896, -0.04770030081272125, -0.03813754394650459, -0.04105187579989433, -0.020025476813316345, -0.020100612193346024, -0.03241365775465965, -0.03326799347996712, -8.741048812866211, 902.1584163972332, 1310.8559038756052], "norm_max": [0.01160287857055664, 0.0272396057844162, 0.02722930908203125, 0.03923295810818672, 0.032853707671165466, 0.043975263833999634, 0.068701833486557, 0.11233992874622345, 0.1060718446969986, 0.13060157001018524, 0.16079461574554443, 0.1374671757221222, 0.17360790073871613, 0.01219707727432251, 0.012296207249164581, 0.015675939619541168, 0.014231108129024506, 0.023164108395576477, 0.024495426565408707, 0.03634670376777649, 0.03874783217906952, 0.05087277665734291, 0.06951519846916199, 0.051742613315582275, 0.050571851432323456, 0.03377227857708931, 253.0606689453125, 970.0648615862499, 1331.0426512459599], "inputs_outputs": ["/XFEL.DIAG/BPM/BPME.2253.SA1/X.TD", "/XFEL.DIAG/BPM/BPME.2259.SA1/X.TD", "/XFEL.DIAG/BPM/BPME.2265.SA1/X.TD", "/XFEL.DIAG/BPM/BPME.2271.SA1/X.TD", "/XFEL.DIAG/BPM/BPME.2278.SA1/X.TD", "/XFEL.DIAG/BPM/BPME.2284.SA1/X.TD", "/XFEL.DIAG/BPM/BPME.2290.SA1/X.TD", "/XFEL.DIAG/BPM/BPME.2296.SA1/X.TD", "/XFEL.DIAG/BPM/BPME.2302.SA1/X.TD", "/XFEL.DIAG/BPM/BPME.2314.SA1/X.TD", "/XFEL.DIAG/BPM/BPME.2320.SA1/X.TD", "/XFEL.DIAG/BPM/BPME.2326.SA1/X.TD", "/XFEL.DIAG/BPM/BPME.2332.SA1/X.TD", "/XFEL.DIAG/BPM/BPME.2253.SA1/Y.TD", "/XFEL.DIAG/BPM/BPME.2259.SA1/Y.TD", "/XFEL.DIAG/BPM/BPME.2265.SA1/Y.TD", "/XFEL.DIAG/BPM/BPME.2271.SA1/Y.TD", "/XFEL.DIAG/BPM/BPME.2278.SA1/Y.TD", "/XFEL.DIAG/BPM/BPME.2284.SA1/Y.TD", "/XFEL.DIAG/BPM/BPME.2290.SA1/Y.TD", "/XFEL.DIAG/BPM/BPME.2296.SA1/Y.TD", "/XFEL.DIAG/BPM/BPME.2302.SA1/Y.TD", "/XFEL.DIAG/BPM/BPME.2314.SA1/Y.TD", "/XFEL.DIAG/BPM/BPME.2320.SA1/Y.TD", "/XFEL.DIAG/BPM/BPME.2326.SA1/Y.TD", "/XFEL.DIAG/BPM/BPME.2332.SA1/Y.TD", "/XFEL.FEL/XGM/XGM.2643.T9/INTENSITY.TD", "com_fel_x", "com_fel_y"]}