{"features": ["/XFEL.DIAG/BPM/BPME.2253.SA1/X.TD", "/XFEL.DIAG/BPM/BPME.2259.SA1/X.TD", "/XFEL.DIAG/BPM/BPME.2265.SA1/X.TD", "/XFEL.DIAG/BPM/BPME.2271.SA1/X.TD", "/XFEL.DIAG/BPM/BPME.2278.SA1/X.TD", "/XFEL.DIAG/BPM/BPME.2284.SA1/X.TD", "/XFEL.DIAG/BPM/BPME.2290.SA1/X.TD", "/XFEL.DIAG/BPM/BPME.2296.SA1/X.TD", "/XFEL.DIAG/BPM/BPME.2302.SA1/X.TD", "/XFEL.DIAG/BPM/BPME.2314.SA1/X.TD", "/XFEL.DIAG/BPM/BPME.2320.SA1/X.TD", "/XFEL.DIAG/BPM/BPME.2326.SA1/X.TD", "/XFEL.DIAG/BPM/BPME.2332.SA1/X.TD", "/XFEL.DIAG/BPM/BPME.2253.SA1/Y.TD", "/XFEL.DIAG/BPM/BPME.2259.SA1/Y.TD", "/XFEL.DIAG/BPM/BPME.2265.SA1/Y.TD", "/XFEL.DIAG/BPM/BPME.2271.SA1/Y.TD", "/XFEL.DIAG/BPM/BPME.2278.SA1/Y.TD", "/XFEL.DIAG/BPM/BPME.2284.SA1/Y.TD", "/XFEL.DIAG/BPM/BPME.2290.SA1/Y.TD", "/XFEL.DIAG/BPM/BPME.2296.SA1/Y.TD", "/XFEL.DIAG/BPM/BPME.2302.SA1/Y.TD", "/XFEL.DIAG/BPM/BPME.2314.SA1/Y.TD", "/XFEL.DIAG/BPM/BPME.2320.SA1/Y.TD", "/XFEL.DIAG/BPM/BPME.2326.SA1/Y.TD", "/XFEL.DIAG/BPM/BPME.2332.SA1/Y.TD", "/XFEL.FEL/XGM/XGM.2643.T9/INTENSITY.TD"], "targets": ["com_fel_x", "com_fel_y"], "learning_rate": 0.3, "epochs": 800, "hidden_layers": 3, "hidden_nodes": 16, "momentum": 0.6, "no_inputs": 27, "batch_size": 1024, "norm_min": [-0.0637391209602356, -0.06665340065956116, -0.04773879051208496, -0.04348301887512207, -0.02893979102373123, -0.02833464741706848, -0.0061734020709991455, -0.00010104477405548096, 0.0, 0.0, 0.0, 0.0, 0.0, -0.0702170729637146, -0.05127901956439018, -0.05483020842075348, -0.03610104322433472, -0.04154480621218681, -0.03946768492460251, -0.047688573598861694, -0.03813754394650459, -0.04105187579989433, -0.019952505826950073, -0.019473878666758537, -0.031719520688056946, -0.032811712473630905, -13.001782417297363, 870.7597606158828, 1310.4193972984206], "norm_max": [0.012078642845153809, 0.0272396057844162, 0.02924749255180359, 0.04251987114548683, 0.04175727069377899, 0.0475616455078125, 0.05093827843666077, 0.0676674023270607, 0.05418004095554352, 0.056585490703582764, 0.06887781620025635, 0.05783354490995407, 0.08289588987827301, 0.018668055534362793, 0.023534659296274185, 0.03786870837211609, 0.04120679944753647, 0.061607275158166885, 0.06410801410675049, 0.08457620441913605, 0.08230262249708176, 0.10131405293941498, 0.1160702109336853, 0.08433618396520615, 0.08527704328298569, 0.06217911094427109, 392.75323486328125, 971.0450352639268, 1337.8700253433221], "inputs_outputs": ["/XFEL.DIAG/BPM/BPME.2253.SA1/X.TD", "/XFEL.DIAG/BPM/BPME.2259.SA1/X.TD", "/XFEL.DIAG/BPM/BPME.2265.SA1/X.TD", "/XFEL.DIAG/BPM/BPME.2271.SA1/X.TD", "/XFEL.DIAG/BPM/BPME.2278.SA1/X.TD", "/XFEL.DIAG/BPM/BPME.2284.SA1/X.TD", "/XFEL.DIAG/BPM/BPME.2290.SA1/X.TD", "/XFEL.DIAG/BPM/BPME.2296.SA1/X.TD", "/XFEL.DIAG/BPM/BPME.2302.SA1/X.TD", "/XFEL.DIAG/BPM/BPME.2314.SA1/X.TD", "/XFEL.DIAG/BPM/BPME.2320.SA1/X.TD", "/XFEL.DIAG/BPM/BPME.2326.SA1/X.TD", "/XFEL.DIAG/BPM/BPME.2332.SA1/X.TD", "/XFEL.DIAG/BPM/BPME.2253.SA1/Y.TD", "/XFEL.DIAG/BPM/BPME.2259.SA1/Y.TD", "/XFEL.DIAG/BPM/BPME.2265.SA1/Y.TD", "/XFEL.DIAG/BPM/BPME.2271.SA1/Y.TD", "/XFEL.DIAG/BPM/BPME.2278.SA1/Y.TD", "/XFEL.DIAG/BPM/BPME.2284.SA1/Y.TD", "/XFEL.DIAG/BPM/BPME.2290.SA1/Y.TD", "/XFEL.DIAG/BPM/BPME.2296.SA1/Y.TD", "/XFEL.DIAG/BPM/BPME.2302.SA1/Y.TD", "/XFEL.DIAG/BPM/BPME.2314.SA1/Y.TD", "/XFEL.DIAG/BPM/BPME.2320.SA1/Y.TD", "/XFEL.DIAG/BPM/BPME.2326.SA1/Y.TD", "/XFEL.DIAG/BPM/BPME.2332.SA1/Y.TD", "/XFEL.FEL/XGM/XGM.2643.T9/INTENSITY.TD", "com_fel_x", "com_fel_y"]}